Dairy,Produce,Cooking Needs,Spices,Meat,Snacks,International,Dry Goods,Canned Goods,Frozen,Condiments
half-and-half,acai,baking powder,basil,bacon,chips,curry,beans,can,frozen,honey
butter,anise,baking soda,bay leaves,beef,oreo,dashi,pasta,olives,ice cream,ketchup
cheese,apple,broth,caraway,chicken,salsa,gyoza,rice,green chilies,cool whip,mayo
cream,apricot,chocolate chips,chamomile,crab,,mirin,orzo,pickle,edamame,mustard
egg,artichoke,cocoa,chili powder,ham,,okara,macaroni,,,peanut butter
half and half,arugula,extract,cinnamon,lamb,,rice vinegar,noodle,,,almond butter
milk,asparagus,flour,coriander,pork,,tahini,rice,,,sauce
parmesan,avocado,oil,cumin,poultry,,tofu,quinoa,,,syrup
yogurt,banana,salt,cloves,sausage,,seaweed,seed,,,soy sauce
margarine,beet,shortening,dill,steak,,hummus,walnuts,,,dressing
cheddar,beetroot,sugar,fennel,tuna,,gochujang,cereal,,,ranch
,bell pepper,vanilla,garam,turkey,,kimchi,chia,,,
,berries,vinegar,garam masala,salmon,,wonton,couscous,,,
,berry,yeast,lavender,fish,,rice paper,flax,,,
,bilberry,sweetener,lemongrass,shrimp,,wakame,bread,,,
,blackberry,stock,marjoram,,,,almond,,,
,blueberry,mix,mint,,,,oatmeal,,,
,bok choy,molasses,oregano,,,,oats,,,
,boysenberry,seasoning,paprika,,,,nuts,,,
,breadfruit,chocolate,chili flakes,,,,bran,,,
,broccoli,jello,rosemary,,,,pretzel,,,
,cabbage,pudding,sage,,,,tortilla,,,
,cantaloupe,chicken stock,thyme,,,,bulgur,,,
,carrot,,turmeric,,,,wheat,,,
,cauliflower,,all spice,,,,lentil,,,
,celeriac,,nutmeg,,,,,,,
,celery,,italian seasoning,,,,,,,
,cherry,,cardamom,,,,,,,
,chili pepper,,cayenne,,,,,,,
,chives,,curry powder,,,,,,,
,cilantro,,,,,,,,,
,citron,,,,,,,,,
,clementine,,,,,,,,,
,cloudberry,,,,,,,,,
,coconut,,,,,,,,,
,corms,,,,,,,,,
,corn,,,,,,,,,
,courgette,,,,,,,,,
,cranberry,,,,,,,,,
,cucumber,,,,,,,,,
,currant,,,,,,,,,
,daikon,,,,,,,,,
,date,,,,,,,,,
,delicata,,,,,,,,,
,dragonfruit,,,,,,,,,
,durian,,,,,,,,,
,eddoe,,,,,,,,,
,eggplant,,,,,,,,,
,elderberry,,,,,,,,,
,endive,,,,,,,,,
,fennel,,,,,,,,,
,fiddleheads,,,,,,,,,
,fig,,,,,,,,,
,frisee,,,,,,,,,
,fruit,,,,,,,,,
,garlic,,,,,,,,,
,ginger,,,,,,,,,
,goji berry,,,,,,,,,
,gooseberry,,,,,,,,,
,grape,,,,,,,,,
,grapefruit,,,,,,,,,
,green onion,,,,,,,,,
,greens,,,,,,,,,
,guava,,,,,,,,,
,habanero,,,,,,,,,
,hala,,,,,,,,,
,honeyberry,,,,,,,,,
,honeydew,,,,,,,,,
,horseradish,,,,,,,,,
,huckleberry,,,,,,,,,
,jabuticaba,,,,,,,,,
,jackfruit,,,,,,,,,
,jalape,,,,,,,,,
,jambul,,,,,,,,,
,jicama,,,,,,,,,
,jostaberry,,,,,,,,,
,jujube,,,,,,,,,
,kaki,,,,,,,,,
,kale,,,,,,,,,
,kiwi,,,,,,,,,
,kohlrabi,,,,,,,,,
,konjac,,,,,,,,,
,kumquat,,,,,,,,,
,leek,,,,,,,,,
,legumes,,,,,,,,,
,lemon,,,,,,,,,
,lettuce,,,,,,,,,
,lime,,,,,,,,,
,loganberry,,,,,,,,,
,longan,,,,,,,,,
,loquat,,,,,,,,,
,lulo,,,,,,,,,
,lychee,,,,,,,,,
,mandarine,,,,,,,,,
,mango,,,,,,,,,
,mangosteen,,,,,,,,,
,marionberry,,,,,,,,,
,melon,,,,,,,,,
,mulberry,,,,,,,,,
,mushroom,,,,,,,,,
,nectarine,,,,,,,,,
,nettles,,,,,,,,,
,okra,,,,,,,,,
,onion,,,,,,,,,
,onions,,,,,,,,,
,orange,,,,,,,,,
,papaya,,,,,,,,,
,parsnip,,,,,,,,,
,passionfruit,,,,,,,,,
,peach,,,,,,,,,
,pear,,,,,,,,,
,pepper,,,,,,,,,
,persimmon,,,,,,,,,
,pineapple,,,,,,,,,
,pineberry,,,,,,,,,
,pitaya,,,,,,,,,
,plantain,,,,,,,,,
,plum,,,,,,,,,
,plumcot,,,,,,,,,
,pomegranate,,,,,,,,,
,pomelo,,,,,,,,,
,potato,,,,,,,,,
,prune,,,,,,,,,
,radicchio,,,,,,,,,
,radish,,,,,,,,,
,raisin,,,,,,,,,
,rambutan,,,,,,,,,
,raspberry,,,,,,,,,
,rhubarb,,,,,,,,,
,rutabaga,,,,,,,,,
,salmonberry,,,,,,,,,
,salsify,,,,,,,,,
,sapote,,,,,,,,,
,satsuma,,,,,,,,,
,scallion,,,,,,,,,
,shallot,,,,,,,,,
,skirret,,,,,,,,,
,soursop,,,,,,,,,
,spinach,,,,,,,,,
,sprout,,,,,,,,,
,squash,,,,,,,,,
,butternut squash,,,,,,,,,
,star fruit,,,,,,,,,
,starfruit,,,,,,,,,
,strawberry,,,,,,,,,
,sweet potato,,,,,,,,,
,sweetcorn,,,,,,,,,
,tamarillo,,,,,,,,,
,tamarind,,,,,,,,,
,tangelo,,,,,,,,,
,tangerine,,,,,,,,,
,taro,,,,,,,,,
,tat soi,,,,,,,,,
,tayberry,,,,,,,,,
,tomato,,,,,,,,,
,topinambur,,,,,,,,,
,tubers,,,,,,,,,
,turnip,,,,,,,,,
,wasabi,,,,,,,,,
,water chestnut,,,,,,,,,
,watercress,,,,,,,,,
,watermelon,,,,,,,,,
,yam,,,,,,,,,
,yuzu,,,,,,,,,
,zucchini,,,,,,,,,
,daikon,,,,,,,,,
,parsley,,,,,,,,,
